[
    "Etc/GMT+12",
    "Etc/GMT+11",
    "Pacific/Midway",
    "Pacific/Niue",
    "Pacific/Pago_Pago",
    "Etc/GMT+10",
    "Pacific/Honolulu",
    "Pacific/Rarotonga",
    "Pacific/Tahiti",
    "Etc/GMT+9",
    "Pacific/Marquesas",
    "Pacific/Gambier",
    "Etc/GMT+8",
    "America/Anchorage",
    "America/Juneau",
    "America/Metlakatla",
    "America/Nome",
    "America/Sitka",
    "America/Yakutat",
    "Pacific/Pitcairn",
    "Etc/GMT+7",
    "America/Dawson",
    "America/Los_Angeles",
    "America/Tijuana",
    "America/Vancouver",
    "Etc/GMT+6",
    "America/Boise",
    "America/Cambridge_Bay",
    "America/Chihuahua",
    "America/Dawson_Creek",
    "America/Denver",
    "America/Edmonton",
    "America/Fort_Nelson",
    "America/Guatemala",
    "America/Inuvik",
    "America/Mazatlan",
    "America/Ojinaga",
    "America/Phoenix",
    "America/Whitehorse",
    "America/Yellowknife",
    "Etc/GMT+5",
    "America/Bahia_Banderas",
    "America/Belize",
    "America/Chicago",
    "America/Costa_Rica",
    "America/El_Salvador",
    "America/Managua",
    "America/Menominee",
    "America/Merida",
    "America/Mexico_City",
    "America/Monterrey",
    "America/North_Dakota/Beulah",
    "America/North_Dakota/Center",
    "America/North_Dakota/New_Salem",
    "America/Rainy_River",
    "America/Rankin_Inlet",
    "America/Regina",
    "America/Resolute",
    "America/Swift_Current",
    "America/Tegucigalpa",
    "America/Winnipeg",
    "Pacific/Easter",
    "Pacific/Galapagos",
    "Etc/GMT+4",
    "America/Bogota",
    "America/Cancun",
    "America/Cayman",
    "America/Guayaquil",
    "America/Havana",
    "America/Indiana/Indianapolis",
    "America/Indiana/Knox",
    "America/Indiana/Marengo",
    "America/Indiana/Petersburg",
    "America/Indiana/Vevay",
    "America/Indiana/Vincennes",
    "America/Indiana/Winamac",
    "America/Iqaluit",
    "America/Jamaica",
    "America/Kentucky/Louisville",
    "America/Kentucky/Monticello",
    "America/Lima",
    "America/Nassau",
    "America/New_York",
    "America/Nipigon",
    "America/Panama",
    "America/Port-au-Prince",
    "America/Thunder_Bay",
    "America/Toronto",
    "Etc/GMT+3",
    "America/Anguilla",
    "America/Antigua",
    "America/Araguaina",
    "America/Argentina/Buenos_Aires",
    "America/Argentina/Catamarca",
    "America/Argentina/Cordoba",
    "America/Argentina/Jujuy",
    "America/Argentina/La_Rioja",
    "America/Argentina/Mendoza",
    "America/Argentina/Rio_Gallegos",
    "America/Argentina/San_Juan",
    "America/Argentina/San_Luis",
    "America/Argentina/Tucuman",
    "America/Argentina/Ushuaia",
    "America/Barbados",
    "America/Blanc-Sablon",
    "America/Boa_Vista",
    "America/Campo_Grande",
    "America/Caracas",
    "America/Cuiaba",
    "America/Curacao",
    "America/Detroit",
    "America/Dominica",
    "America/Grand_Turk",
    "America/Grenada",
    "America/Guadeloupe",
    "America/Guyana",
    "America/Halifax",
    "America/La_Paz",
    "America/Manaus",
    "America/Marigot",
    "America/Martinique",
    "America/Moncton",
    "America/Montevideo",
    "America/Montserrat",
    "America/Port_of_Spain",
    "America/Porto_Velho",
    "America/Puerto_Rico",
    "America/Recife",
    "America/St_Kitts",
    "America/St_Lucia",
    "America/St_Vincent",
    "America/Tortola",
    "Etc/GMT+2",
    "America/St_Barthelemy",
    "America/Thule",
    "America/Aruba",
    "America/Asuncion",
    "America/Belem",
    "America/Glace_Bay",
    "America/Goose_Bay",
    "America/Maceio",
    "America/Paramaribo",
    "America/Punta_Arenas",
    "America/Santarem",
    "America/Santiago",
    "America/Sao_Paulo",
    "America/St_Johns",
    "America/Tucuman",
    "Atlantic/Bermuda",
    "Atlantic/Stanley",
    "Etc/GMT+1",
    "America/Noronha",
    "Atlantic/Cape_Verde",
    "Etc/GMT+0",
    "Africa/Abidjan",
    "Africa/Accra",
    "Africa/Bissau",
    "Africa/Dakar",
    "Africa/Monrovia",
    "Atlantic/Azores",
    "Atlantic/Reykjavik",
    "Atlantic/St_Helena",
    "Etc/GMT-1",
    "Africa/Algiers",
    "Africa/Casablanca",
    "Africa/Ceuta",
    "Africa/El_Aaiun",
    "Africa/Lagos",
    "Africa/Ndjamena",
    "Africa/Tunis",
    "Atlantic/Canary",
    "Europe/Belfast",
    "Europe/Dublin",
    "Europe/Gibraltar",
    "Europe/Lisbon",
    "Europe/London",
    "Etc/GMT-2",
    "Europe/Amsterdam",
    "Europe/Andorra",
    "Europe/Belgrade",
    "Europe/Berlin",
    "Europe/Brussels",
    "Europe/Budapest",
    "Europe/Copenhagen",
    "Europe/Madrid",
    "Europe/Malta",
    "Europe/Monaco",
    "Europe/Oslo",
    "Europe/Paris",
    "Europe/Prague",
    "Europe/Rome",
    "Europe/Stockholm",
    "Europe/Tirane",
    "Europe/Vaduz",
    "Europe/Vienna",
    "Europe/Warsaw",
    "Europe/Zagreb",
    "Etc/GMT-3",
    "Africa/Cairo",
    "Africa/Gaborone",
    "Africa/Harare",
    "Africa/Khartoum",
    "Africa/Lusaka",
    "Africa/Tripoli",
    "Asia/Beirut",
    "Asia/Damascus",
    "Asia/Gaza",
    "Asia/Hebron",
    "Asia/Jerusalem",
    "Asia/Nicosia",
    "Asia/Tel_Aviv",
    "Europe/Athens",
    "Europe/Bucharest",
    "Europe/Chisinau",
    "Europe/Helsinki",
    "Europe/Istanbul",
    "Europe/Kaliningrad",
    "Europe/Kiev",
    "Europe/Mariehamn",
    "Europe/Riga",
    "Europe/Sofia",
    "Europe/Tallinn",
    "Europe/Uzhgorod",
    "Europe/Vilnius",
    "Etc/GMT-4",
    "Africa/Addis_Ababa",
    "Africa/Asmara",
    "Africa/Dar_es_Salaam",
    "Africa/Djibouti",
    "Africa/Juba",
    "Africa/Mogadishu",
    "Africa/Nairobi",
    "Antarctica/Syowa",
    "Asia/Aden",
    "Asia/Baghdad",
    "Asia/Bahrain",
    "Asia/Kuwait",
    "Asia/Qatar",
    "Asia/Riyadh",
    "Europe/Minsk",
    "Europe/Volgograd",
    "Indian/Comoro",
    "Indian/Mayotte",
    "Etc/GMT-5",
    "Antarctica/Mawson",
    "Asia/Aqtau",
    "Asia/Aqtobe",
    "Asia/Ashgabat",
    "Asia/Atyrau",
    "Asia/Dushanbe",
    "Asia/Karachi",
    "Asia/Oral",
    "Asia/Samarkand",
    "Asia/Tashkent",
    "Asia/Yekaterinburg",
    "Indian/Kerguelen",
    "Indian/Maldives",
    "Etc/GMT-6",
    "Asia/Bishkek",
    "Asia/Kashgar",
    "Asia/Omsk",
    "Asia/Qyzylorda",
    "Asia/Urumqi",
    "Indian/Chagos",
    "Etc/GMT-7",
    "Antarctica/Vostok",
    "Asia/Dhaka",
    "Asia/Hovd",
    "Asia/Krasnoyarsk",
    "Asia/Novokuznetsk",
    "Asia/Novosibirsk",
    "Asia/Tomsk",
    "Asia/Vientiane",
    "Indian/Cocos",
    "Etc/GMT-8",
    "Asia/Brunei",
    "Asia/Choibalsan",
    "Asia/Hong_Kong",
    "Asia/Irkutsk",
    "Asia/Kuala_Lumpur",
    "Asia/Kuching",
    "Asia/Macau",
    "Asia/Manila",
    "Asia/Shanghai",
    "Asia/Singapore",
    "Asia/Taipei",
    "Asia/Ulaanbaatar",
    "Australia/Perth",
    "Etc/GMT-9",
    "Asia/Dili",
    "Asia/Jayapura",
    "Asia/Tokyo",
    "Asia/Yakutsk",
    "Asia/Seoul",
    "Asia/Pyongyang",
    "Pacific/Guam",
    "Pacific/Port_Moresby",
    "Pacific/Saipan",
    "Pacific/Palau",
    "Pacific/Chuuk",
    "Pacific/Yap",
    "Australia/Adelaide",
    "Australia/Darwin",
    "Australia/Broken_Hill",
    "Etc/GMT-10",
    "Antarctica/DumontDUrville",
    "Antarctica/Casey",
    "Australia/Brisbane",
    "Australia/Currie",
    "Australia/Hobart",
    "Australia/Lindeman",
    "Australia/Melbourne",
    "Australia/Sydney",
    "Pacific/Guadalcanal",
    "Pacific/Kosrae",
    "Pacific/Noumea",
    "Pacific/Pohnpei",
    "Pacific/Efate",
    "Pacific/Fiji",
    "Pacific/Norfolk",
    "Etc/GMT-11",
    "Pacific/Auckland",
    "Pacific/Fakaofo",
    "Pacific/Funafuti",
    "Pacific/Kwajalein",
    "Pacific/Majuro",
    "Pacific/Nauru",
    "Pacific/Tarawa",
    "Pacific/Wake",
    "Pacific/Wallis",
    "Antarctica/McMurdo",
    "Pacific/Chatham",
    "Etc/GMT-12",
    "Pacific/Apia",
    "Pacific/Tongatapu",
    "Pacific/Kiritimati",
    "Etc/GMT-13"
]